Bot(low),Bot(high),User
13903398,247830, 547408.88205145
10028499,112488, 38992250.852689810912