Bot(low),Bot(high),User
14007896,243789, 570378.095638745
10378675, 112489.78255748615, 40177385