Bot(low),Bot(high),User
9,20, 62.36914430499745
8,18, 63.352719142974195