honest,attacker
189238, 42100477.13482046
102993, 204766.496671915