Bot(low),Bot(high),User
0.0045,0.0079, 0.0483073996252888
0.003,0.006, 0.0057262982518850875